lineage,designation_date
B.1.1.7,
B.1.177,
B.1.1.279,
B.1.177.2,
B.1.1.1,
B.1.1.70,
B.6.6,
B.4,
B.1.1.37,
B.1.177.11,
B.1.1.315,
B.33,
B.40,
B.1.1.269,
B.1.1.305,
B.1.1.26,
D.2,
B.1.1.208,
B.1.177.7,
B.15,
B.1.1.227,
B.1.1.303,
B.1.1.123,
B.1.177.23,
B.1.1.311,
B,
B.1.1.219,
B.1.1.265,
B.1.1.62,
B.11,
B.1.1.133,
B.39,
B.1.1.8,
B.1.1.161,
A.2,
B.1.1.135,
B.1.177.10,
B.1.1.200,
B.1.177.24,
C.1,
B.1.1.33,
B.1.1.4,
B.1.1.307,
B.1.1.290,
B.1.1.257,
B.1.177.21,
B.1.177.20,
A.1,
B.1.1.298,
B.1.1.282,
B.1.1.284,
B.1.1.302,
B.1.177.17,
B.1.1.162,
B.3,
B.1.1.61,
B.1.177.19,
B.1.177.16,
B.1.1.253,
B.1.1.204,
B.1.1.65,
B.1.1.211,
B.1.1.191,
B.1.1.294,
B.1.1.277,
B.6,
B.1.1.31,
B.1.1.171,
B.1.177.18,
B.1.1.64,
B.1.1.80,
B.1.177.9,
B.1.1.138,
B.1.1.245,
B.1.1.306,
B.1.1.203,
B.1.177.4,
B.1.1.153,
B.48,
D.3,
B.1.1.196,
B.3.1,
B.1.1.46,
B.1.1.154,
B.1.177.5,
B.1.1.117,
B.1.1.226,
B.1.1.316,
B.1.1.301,
B.36,
B.1.1.71,
B.1.1.51,
B.41,
B.1.177.8,
B.1.1.97,
B.1.1.274,
C.14,
B.1.1.39,
B.1.1.194,
B.1.1.139,
B.1.1.291,
B.18,
B.1.1.232,
B.1.1.180,
B.1.1.134,
B.1.1.54,
B.1.1.216,
B.1.1.255,
B.1.1.272,
B.1.1.293,
B.30,
B.1.1.207,
B.1.1.258,
B.1.1.237,
B.1.1.10,
B.1.1.141,
B.1.1.144,
B.1.1.28,
B.1.177.12,
B.1.1.137,
B.1.1.285,
B.1.1.206,
B.1.1.299,
B.1.1.261,
B.1.1.55,
B.1.1.118,
A.3,
B.1.1.236,
B.1.1.190,
B.1.1.309,
B.53,
B.1.1.170,
B.1.1.312,
L.1,
B.1.1.189,
B.1.1.313,
B.1.177.15,
B.1.1.198,
B.1.1.213,
B.1.1.89,
B.1.1.50,
B.1.1.273,
B.1.1.314,
B.1.1.25,
B.1.1.27,
B.1.1.178,
B.1.1.229,
B.6.3,
B.1.1.304,
B.1.1.44,
B.45,
B.1.1.29,
B.1.1.14,
B.1.1.63,
B.1.1.130,
B.1.1.167,
B.28,
L.2,
B.1.1.155,
B.1.1.52,
I.1,
B.1.1.286,
B.1.1.187,
B.1.177.6,
A.2.2,
B.1.1.217,
B.1.1.289,
B.1.1.148,
A.5,
B.54,
B.1.177.26,
B.31,
B.1.1.105,
B.1.1.152,
B.1.1.151,
B.1.1.266,
B.1.1.16,
A.2.1,
B.1.1.280,
B.1.1.120,
B.4.4,
B.29,
B.1.1.143,
B.1.1.125,
B.1.177.14,
B.1.1.104,
B.12,
B.1.1.225,
B.1.1.281,
B.1.1.264,
B.1.177.22,
B.49,
B.34,
B.1.1.127,
B.1.1.268,
B.1.1.308,
B.1.1.128,
B.1.1.184,
B.4.5,
B.1.1.101,
B.1.1.53,
B.1.1.234,
C.8,
B.1.1.49,
B.1.1.256,
B.1.1.296,
B.43,
B.1.1.240,
B.1.1.221,
B.1.1.164,
B.1.1.72,
B.1.1.131,
B.13,
B.1.1.288,
B.1.1.129,
B.10,
B.1.1.59,
B.1.1.57,
K.1,
B.1.1.174,
B.52,
B.1.1.220,
B.37,
B.38,
B.35,
B.50,
C.13,
B.1.1.34,
C.12,
A.10,
B.1.1.3,
B.1.1.250,
B.1.1.103,
B.1.1.212,
B.1.1.244,
B.1.1.15,
A.13,
B.1.1.192,
B.1.1.86,
B.1.1.47,
B.1.1.41,
B.1.1.243,
N.4,
B.1.177.1,
M.1,
B.1.1.241,
B.1.1.310,
B.1.1.228,
B.6.5,
B.1.177.25,
A.6,
B.1.1.205,
B.1.1.56,
B.1.1.262,
B.1.1.165,
B.1.1.247,
B.1.1.193,
B.1.1.85,
B.20,
B.1.1.132,
B.6.4,
B.1.1.38,
B.1.1.263,
B.1.1.40,
B.1.1.239,
N.3,
B.1.1.292,
B.1.1.199,
B.1.1.93,
B.1.1.224,
B.1.1.168,
B.1.1.297,
C.3,
B.1.1.197,
B.1.1.82,
B.1.1.270,
C.7,
B.1.1.287,
B.1.1.106,
B.1.1.2,
B.1.177.13,
B.1.1.75,
C.5,
B.1.1.172,
B.1.1.218,
B.23,
C.9,
B.1.1.115,
B.1.1.242,
B.1.1.99,
B.1.1.12,
B.42,
B.1.1.251,
B.1.177.3,
B.1.1.96,
B.1.1.121,
B.5,
B.1.1.231,
C.15,
B.51,
B.1.1.142,
B.1.1.157,
B.1.1.84,
C.2,
B.1.1.32,
B.1.1.45,
B.1.1.107,
C.4,
B.1.1.109,
B.27,
B.1.1.43,
B.6.1,
B.1.1.48,
B.47,
B.4.2,
B.1.1.159,
B.1.1.222,
B.1.1.145,
B.1.1.160,
B.19,
C.6,
B.1.1.163,
B.1.1.112,
B.1.1.67,
B.1.1.149,
B.44,
B.1.1.119,
B.1.1.92,
B.1.1.13,
B.1.1.214,
B.1.1.76,
B.1.1.283,
B.1.1.116,
B.1.1.233,
B.1.1.140,
B.26,
B.1.1.210,
B.1.1.271,
B.1.1.74,
B.1.1.177,
B.1.1.90,
B.1.1.181,
B.1.1.35,
B.1.1.58,
B.1.1.230,
B.1.1.114,
B.1.1.111,
B.1.1.113,
A.15,
B.4.1,
B.1.1.185,
B.1.1.83,
B.1.1.300,
B.1.1.254,
B.46,
N.1,
B.1.1.126,
B.1.1.136,
B.1.1.166,
B.1.1.209,
B.1.1.235,
B.1.177.27,
A.2.4,
B.1.1.249,
B.1.1.267,
B.1.1.179,
B.1.1.186,
B.1.1.81,
B.1.1.91,
B.1.1.17,
B.1.1.88,
B.1.1.20,
B.1.1.176,
C.11,
B.1.1.100,
B.1.1.202,
B.1.1.95,
B.1.1.5,
B.1.1.275,
N.2,
B.1.1.195,
A.4,
A.2.3,
B.1.1.215,
B.1.1.183,
B.1.1.260,
B.1.1.147,
B.1.1.169,
B.1.1.158,
A.16,
B.32,
B.6.2,
B.1.1.110,
B.1.1.175,
B.1.1.122,
B.1.1.77,
B.1.1.102,
B.1.1.30,
B.1.1.246,
J.1,
C.10,
B.1.1.252,
A.14,
B.1.1.87,
F.1,
B.1.1.98,
B.1.1.238,
B.1.1.201,
B.1.1.94,
B.1.1.259,
B.1.1.182,
A.9,
A.7,
B.1,
B.1.160,
B.1.160.5,
B.1.160.7,
B.1.160.8,
B.1.524,
B.1.131,
B.1.280,
B.1.36,
B.1.36.12,
B.1.36.24,
B.1.36.4,
B.1.36.16,
B.1.36.23,
B.1.36.25,
B.1.36.8,
B.1.36.26,
B.1.36.7,
B.1.36.28,
B.1.36.27,
B.1.36.10,
B.1.36.13,
B.1.36.22,
B.1.36.21,
B.1.36.20,
B.1.36.6,
B.1.36.19,
B.1.36.9,
B.1.36.18,
B.1.36.1,
B.1.36.17,
B.1.247,
B.1.113,
B.1.221,
B.1.221.1,
B.1.221.2,
B.1.221.3,
B.1.206,
B.1.216,
B.1.411,
B.1.240,
B.1.415,
B.1.187,
B.1.258,
B.1.258.3,
B.1.258.2,
G.1,
B.1.258.16,
B.1.258.14,
B.1.258.15,
B.1.258.1,
B.1.258.19,
B.1.258.9,
B.1.258.8,
B.1.258.21,
B.1.258.11,
B.1.258.20,
B.1.258.10,
B.1.258.12,
B.1.258.7,
B.1.258.18,
B.1.258.6,
B.1.258.17,
B.1.258.4,
B.1.258.5,
B.1.256,
B.1.106,
B.1.416,
B.1.416.1,
B.1.190,
B.1.180,
B.1.157,
B.1.237,
B.1.417,
B.1.182,
B.1.418,
B.1.181,
B.1.421,
B.1.234,
B.1.420,
B.1.192,
B.1.224,
B.1.223,
B.1.189,
B.1.419,
B.1.225,
B.1.236,
B.1.235,
B.1.23,
B.1.105,
B.1.414,
B.1.351,
B.1.341,
B.1.413,
B.1.412,
B.1.422,
B.1.333,
B.1.2,
B.1.284,
B.1.265,
B.1.521,
B.1.423,
B.1.425,
B.1.426,
B.1.424,
B.1.301,
B.1.331,
B.1.343,
B.1.312,
B.1.318,
B.1.367,
B.1.40,
B.1.329,
B.1.263,
B.1.361,
B.1.445,
B.1.308,
B.1.310,
B.1.444,
B.1.302,
B.1.315,
B.1.298,
B.1.359,
B.1.366,
B.1.355,
B.1.115,
B.1.267,
B.1.38,
B.1.321,
B.1.446,
B.1.268,
B.1.357,
B.1.369,
B.1.448,
B.1.119,
B.1.305,
B.1.120,
B.1.287,
B.1.342,
B.1.451,
B.1.332,
B.1.356,
B.1.12,
B.1.453,
B.1.348,
B.1.452,
B.1.450,
B.1.350,
B.1.319,
B.1.375,
B.1.428,
B.1.358,
B.1.338,
B.1.371,
B.1.118,
B.1.323,
B.1.292,
B.1.328,
B.1.39,
B.1.313,
B.1.326,
B.1.108,
B.1.431,
B.1.354,
B.1.437,
B.1.335,
B.1.363,
B.1.346,
B.1.311,
B.1.325,
B.1.362,
B.1.116,
B.1.433,
B.1.306,
B.1.435,
B.1.184,
B.1.334,
B.1.291,
B.1.434,
B.1.432,
B.1.316,
B.1.370,
B.1.283,
B.1.137,
B.1.243,
B.1.427,
B.1.429,
B.1.14,
B.1.333.1,
B.1.163,
B.1.111,
B.1.245,
B.1.436,
B.1.438,
B.1.124,
B.1.439,
B.1.440,
B.1.162,
B.1.441,
B.1.161,
B.1.112,
B.1.442,
B.1.443,
B.1.9,
B.1.9.1,
B.1.9.2,
B.1.9.3,
B.1.9.4,
B.1.9.5,
B.1.9.6,
B.1.164,
B.1.447,
B.1.449,
B.1.260,
B.1.523,
B.1.454,
B.1.455,
B.1.456,
B.1.457,
B.1.457.1,
B.1.458,
B.1.459,
B.1.460,
B.1.461,
B.1.462,
B.1.463,
B.1.464,
B.1.465,
B.1.466,
B.1.467,
B.1.468,
B.1.469,
B.1.470,
B.1.471,
B.1.472,
B.1.473,
B.1.474,
B.1.277,
B.1.276,
B.1.281,
B.1.109,
B.1.475,
B.1.159,
B.1.476,
B.1.275,
B.1.282,
B.1.477,
B.1.273,
B.1.478,
B.1.158,
B.1.274,
B.1.13,
B.1.479,
B.1.480,
B.1.279,
B.1.37,
B.1.481,
B.1.270,
B.1.482,
B.1.483,
B.1.484,
B.1.110,
B.1.110.1,
B.1.110.2,
B.1.110.3,
B.1.485,
B.1.486,
B.1.487,
B.1.488,
B.1.489,
B.1.490,
B.1.372,
B.1.44,
B.1.491,
B.1.492,
B.1.494,
B.1.309,
B.1.493,
B.1.3,
B.1.495,
B.1.496,
B.1.497,
B.1.498,
B.1.499,
B.1.500,
B.1.501,
B.1.502,
B.1.503,
B.1.504,
B.1.505,
B.1.506,
B.1.507,
B.1.508,
B.1.509,
B.1.360,
B.1.510,
B.1.511,
B.1.512,
B.1.165,
B.1.289,
B.1.513,
B.1.337,
B.1.336,
B.1.514,
B.1.320,
B.1.168,
B.1.515,
B.1.349,
B.1.516,
B.1.517,
B.1.294,
B.1.340,
B.1.166,
B.1.518,
B.1.344,
B.1.304,
B.1.167,
B.1.117,
B.1.519,
B.1.520,
B.1.324,
B.1.314,
B.1.330,
B.1.293,
B.1.264,
B.1.207,
B.1.8,
B.1.215,
B.1.94,
B.1.127,
B.1.96,
B.1.97,
B.1.205,
B.1.128,
B.1.285,
B.1.393,
B.1.394,
B.1.227,
B.1.91,
B.1.93,
B.1.95,
B.1.188,
B.1.397,
B.1.169,
B.1.239,
B.1.399,
B.1.400,
B.1.405,
B.1.233,
B.1.238,
B.1.406,
B.1.407,
B.1.241,
B.1.231,
B.1.408,
B.1.409,
B.1.242,
B.1.229,
B.1.232,
B.1.401,
B.1.404,
B.1.403,
B.1.402,
B.1.398,
B.1.396,
B.1.395,
B.1.35,
B.1.201,
B.1.391,
B.1.392,
B.1.248,
B.1.251,
B.1.104,
B.1.254,
B.1.88,
B.1.88.1,
B.1.252,
B.1.79,
B.1.249,
B.1.250,
B.1.142,
B.1.390,
B.1.389,
B.1.179,
B.1.152,
B.1.81,
B.1.22,
B.1.144,
B.1.143,
B.1.103,
B.1.377,
B.1.376,
B.1.194,
B.1.98,
B.1.380,
B.1.1,
B.1.150,
B.1.173,
B.1.146,
B.1.379,
B.1.67,
B.1.139,
B.1.378,
B.1.381,
B.1.382,
B.1.198,
B.1.126,
B.1.78,
B.1.69,
B.1.384,
B.1.203,
B.1.383,
B.1.147,
B.1.211,
B.1.220,
B.1.214,
B.1.387,
B.1.218,
B.1.213,
B.1.209,
B.1.212,
B.1.208,
B.1.149,
B.1.210,
B.1.6,
B.1.83,
B.1.219,
B.1.388,
B.1.151,
B.1.84,
B.1.178,
B.1.134,
B.1.196,
B.1.70,
B.1.153,
B.1.145,
B.1.199,
B.1.195,
B.1.385,
B.1.77,
B.1.197,
B.1.74,
B.1.76,
B.1.222,
B.1.140,
H.1,
C.1.1,
A,
A.17,
A.19,
A.18,
A.20,
A.22,
A.12,
A.23.1,
A.23,
A.25,
A.26,
A.24,
A.11,
A.21,
B.1.1.317,
C.16,
B.1.525,
B.1.526,
A.27,2021-02-18
A.28,2021-02-18
P.2,2021-02-21
P.1,2021-02-21
R.1,2021-02-21
R.2,2021-02-21
B.1.1.318,2021-02-21
B.1.214.1,2021-03-02
B.1.214.2,2021-03-02
P.3,2021-03-10
A.2.5,2021-03-15
AA.1,2021-03-15
AA.2,2021-03-15
AA.3,2021-03-15
AA.4,2021-03-15
AA.5,2021-03-15
AA.6,2021-03-15
AA.7,2021-03-15
AA.8,2021-03-15
AB.1,2021-03-15
AC.1,2021-03-15
AD.1,2021-03-15
AD.2,2021-03-15
AD.2.1,2021-03-15
AE.1,2021-03-15
AE.2,2021-03-15
AE.3,2021-03-15
AE.4,2021-03-15
AE.5,2021-03-15
AE.6,2021-03-15
AE.7,2021-03-15
AE.8,2021-03-15
AF.1,2021-03-15
AG.1,2021-03-15
AH.1,2021-03-15
AH.2,2021-03-15
AH.3,2021-03-15
AJ.1,2021-03-15
AK.1,2021-03-15
AK.2,2021-03-15
AL.1,2021-03-15
AM.1,2021-03-15
AM.2,2021-03-15
AM.3,2021-03-15
AM.4,2021-03-15
AN.1,2021-03-15
AP.1,2021-03-15
AQ.1,2021-03-15
AQ.2,2021-03-15
AS.1,2021-03-15
AS.2,2021-03-15
B.1.1.319,2021-03-15
B.1.1.320,2021-03-15
B.1.1.322,2021-03-15
B.1.1.323,2021-03-15
B.1.1.324,2021-03-15
B.1.1.325,2021-03-15
B.1.1.326,2021-03-15
B.1.1.327,2021-03-15
B.1.1.328,2021-03-15
B.1.1.329,2021-03-15
N.5,2021-03-15
N.6,2021-03-15
N.7,2021-03-15
N.8,2021-03-15
B.1.1.330,2021-03-15
B.1.1.331,2021-03-15
B.1.1.332,2021-03-15
B.1.1.333,2021-03-15
B.1.1.334,2021-03-15
B.1.1.335,2021-03-15
B.1.1.336,2021-03-15
B.1.1.337,2021-03-15
B.1.1.338,2021-03-15
B.1.1.339,2021-03-15
B.1.1.340,2021-03-15
B.1.1.341,2021-03-15
B.1.1.342,2021-03-15
B.1.1.343,2021-03-15
B.1.1.344,2021-03-15
B.1.1.345,2021-03-15
B.1.1.346,2021-03-15
B.1.1.347,2021-03-15
B.1.1.348,2021-03-15
B.1.1.349,2021-03-15
B.1.1.350,2021-03-15
B.1.1.351,2021-03-15
B.1.1.352,2021-03-15
B.1.1.353,2021-03-15
B.1.1.354,2021-03-15
B.1.1.355,2021-03-15
B.1.1.356,2021-03-15
B.1.1.357,2021-03-15
B.1.1.358,2021-03-15
B.1.1.359,2021-03-15
B.1.1.360,2021-03-15
B.1.1.361,2021-03-15
B.1.1.362,2021-03-15
B.1.1.363,2021-03-15
B.1.1.364,2021-03-15
B.1.1.365,2021-03-15
B.1.1.366,2021-03-15
B.1.1.367,2021-03-15
B.1.1.368,2021-03-15
B.1.1.369,2021-03-15
B.1.1.370,2021-03-15
B.1.1.371,2021-03-15
B.1.1.372,2021-03-15
B.1.1.373,2021-03-15
B.1.1.374,2021-03-15
B.1.1.375,2021-03-15
B.1.1.376,2021-03-15
B.1.1.377,2021-03-15
B.1.1.378,2021-03-15
B.1.1.379,2021-03-15
B.1.1.380,2021-03-15
B.1.1.381,2021-03-15
B.1.1.382,2021-03-15
B.1.1.383,2021-03-15
B.1.1.384,2021-03-15
B.1.1.385,2021-03-15
B.1.1.386,2021-03-15
B.1.1.387,2021-03-15
B.1.1.388,2021-03-15
B.1.1.389,2021-03-15
B.1.1.391,2021-03-15
B.1.1.392,2021-03-15
B.1.1.393,2021-03-15
B.1.1.394,2021-03-15
B.1.1.395,2021-03-15
B.1.1.396,2021-03-15
B.1.1.397,2021-03-15
B.1.1.398,2021-03-15
B.1.1.399,2021-03-15
B.1.1.400,2021-03-15
B.1.1.401,2021-03-15
B.1.1.402,2021-03-15
B.1.1.403,2021-03-15
B.1.1.404,2021-03-15
B.1.1.405,2021-03-15
B.1.1.406,2021-03-15
B.1.1.407,2021-03-15
B.1.1.408,2021-03-15
B.1.1.409,2021-03-15
B.1.1.410,2021-03-15
B.1.1.411,2021-03-15
B.1.1.412,2021-03-15
B.1.1.413,2021-03-15
B.1.1.414,2021-03-15
B.1.1.415,2021-03-15
B.1.1.416,2021-03-15
B.1.1.417,2021-03-15
B.1.1.418,2021-03-15
B.1.1.419,2021-03-15
B.1.1.420,2021-03-15
B.1.1.421,2021-03-15
B.1.1.422,2021-03-15
B.1.1.423,2021-03-15
B.1.1.424,2021-03-15
B.1.1.425,2021-03-15
B.1.1.426,2021-03-15
B.1.1.427,2021-03-15
B.1.1.428,2021-03-15
B.1.1.429,2021-03-15
B.1.1.430,2021-03-15
B.1.1.431,2021-03-15
B.1.1.432,2021-03-15
B.1.1.433,2021-03-15
B.1.1.434,2021-03-15
B.1.1.435,2021-03-15
B.1.1.436,2021-03-15
B.1.1.437,2021-03-15
B.1.1.438,2021-03-15
B.1.1.439,2021-03-15
B.1.1.440,2021-03-15
B.1.1.441,2021-03-15
B.1.1.442,2021-03-15
B.1.1.444,2021-03-15
B.1.1.445,2021-03-15
B.1.1.446,2021-03-15
B.1.1.447,2021-03-15
B.1.1.448,2021-03-15
B.1.1.449,2021-03-15
B.1.1.450,2021-03-15
B.1.1.451,2021-03-15
B.1.1.452,2021-03-15
B.1.1.453,2021-03-15
B.1.1.456,2021-03-15
B.1.1.458,2021-03-15
B.1.1.459,2021-03-15
B.1.1.461,2021-03-15
B.1.1.462,2021-03-15
B.1.1.463,2021-03-15
B.1.1.464,2021-03-15
B.1.1.464.1,2021-03-15
B.1.1.465,2021-03-15
B.1.1.466,2021-03-15
B.1.1.467,2021-03-15
B.1.1.480,2021-03-15
B.1.1.481,2021-03-15
B.1.1.482,2021-03-15
B.1.1.483,2021-03-15
B.1.1.484,2021-03-15
B.1.1.485,2021-03-15
B.1.1.486,2021-03-15
B.1.1.487,2021-03-15
B.1.1.500,2021-03-15
B.1.1.506,2021-03-15
B.1.1.507,2021-03-15
B.1.1.512,2021-03-15
B.1.1.513,2021-03-15
B.1.1.514,2021-03-15
B.1.1.515,2021-03-15
B.1.1.516,2021-03-15
B.1.1.517,2021-03-15
B.1.1.518,2021-03-15
B.1.1.519,2021-03-15
B.1.1.521,2021-03-15
B.1.117.2,2021-03-15
B.1.160.10,2021-03-15
B.1.160.11,2021-03-15
B.1.160.12,2021-03-15
B.1.160.13,2021-03-15
B.1.160.14,2021-03-15
B.1.160.15,2021-03-15
B.1.160.16,2021-03-15
B.1.160.17,2021-03-15
B.1.160.18,2021-03-15
B.1.160.19,2021-03-15
B.1.160.20,2021-03-15
B.1.160.21,2021-03-15
B.1.160.22,2021-03-15
B.1.160.23,2021-03-15
B.1.160.24,2021-03-15
B.1.160.25,2021-03-15
B.1.160.26,2021-03-15
B.1.160.27,2021-03-15
B.1.160.28,2021-03-15
B.1.160.29,2021-03-15
B.1.160.30,2021-03-15
B.1.160.31,2021-03-15
B.1.160.32,2021-03-15
B.1.160.33,2021-03-15
B.1.160.9,2021-03-15
B.1.170,2021-03-15
B.1.177.28,2021-03-15
B.1.177.29,2021-03-15
B.1.177.30,2021-03-15
B.1.177.31,2021-03-15
B.1.177.32,2021-03-15
B.1.177.33,2021-03-15
B.1.177.34,2021-03-15
B.1.177.35,2021-03-15
B.1.177.36,2021-03-15
B.1.177.37,2021-03-15
B.1.177.38,2021-03-15
B.1.177.39,2021-03-15
B.1.177.40,2021-03-15
B.1.177.41,2021-03-15
B.1.177.42,2021-03-15
B.1.177.43,2021-03-15
B.1.177.44,2021-03-15
B.1.177.45,2021-03-15
B.1.177.46,2021-03-15
B.1.177.47,2021-03-15
B.1.177.48,2021-03-15
B.1.177.49,2021-03-15
B.1.177.50,2021-03-15
B.1.177.51,2021-03-15
B.1.177.52,2021-03-15
B.1.177.53,2021-03-15
B.1.177.54,2021-03-15
B.1.177.55,2021-03-15
B.1.177.56,2021-03-15
B.1.177.57,2021-03-15
B.1.177.58,2021-03-15
B.1.177.59,2021-03-15
B.1.177.60,2021-03-15
B.1.177.61,2021-03-15
B.1.177.62,2021-03-15
B.1.177.63,2021-03-15
B.1.177.64,2021-03-15
B.1.177.65,2021-03-15
B.1.177.66,2021-03-15
B.1.177.67,2021-03-15
B.1.177.68,2021-03-15
B.1.177.69,2021-03-15
B.1.177.70,2021-03-15
B.1.177.71,2021-03-15
B.1.177.72,2021-03-15
B.1.177.73,2021-03-15
B.1.177.74,2021-03-15
B.1.177.75,2021-03-15
B.1.177.76,2021-03-15
B.1.177.77,2021-03-15
B.1.177.78,2021-03-15
B.1.177.79,2021-03-15
B.1.177.80,2021-03-15
B.1.177.81,2021-03-15
B.1.177.82,2021-03-15
B.1.177.83,2021-03-15
B.1.177.84,2021-03-15
B.1.177.85,2021-03-15
B.1.177.86,2021-03-15
B.1.177.87,2021-03-15
B.1.22.1,2021-03-15
B.1.221.4,2021-03-15
B.1.240.1,2021-03-15
B.1.240.2,2021-03-15
B.1.258.22,2021-03-15
B.1.258.23,2021-03-15
B.1.258.24,2021-03-15
B.1.264.1,2021-03-15
B.1.350.1,2021-03-15
B.1.351.1,2021-03-15
B.1.351.2,2021-03-15
B.1.36.2,2021-03-15
B.1.36.29,2021-03-15
B.1.36.31,2021-03-15
B.1.36.33,2021-03-15
B.1.36.34,2021-03-15
B.1.36.35,2021-03-15
B.1.36.36,2021-03-15
B.1.36.37,2021-03-15
B.1.36.38,2021-03-15
B.1.36.39,2021-03-15
B.1.362.1,2021-03-15
B.1.362.2,2021-03-15
B.1.369.1,2021-03-15
B.1.428.1,2021-03-15
B.1.428.2,2021-03-15
B.1.428.3,2021-03-15
B.1.466.1,2021-03-15
B.1.466.2,2021-03-15
B.1.499.1,2021-03-15
B.1.517.1,2021-03-15
B.1.526.1,2021-03-15
B.1.526.2,2021-03-15
B.1.527,2021-03-15
B.1.528,2021-03-15
B.1.529,2021-03-15
B.1.530,2021-03-15
B.1.531,2021-03-15
B.1.532,2021-03-15
B.1.533,2021-03-15
B.1.534,2021-03-15
B.1.535,2021-03-15
B.1.536,2021-03-15
B.1.537,2021-03-15
B.1.538,2021-03-15
B.1.539,2021-03-15
B.1.540,2021-03-15
B.1.541,2021-03-15
B.1.542,2021-03-15
B.1.543,2021-03-15
B.1.544,2021-03-15
B.1.545,2021-03-15
B.1.546,2021-03-15
B.1.547,2021-03-15
B.1.548,2021-03-15
B.1.549,2021-03-15
B.1.550,2021-03-15
B.1.551,2021-03-15
B.1.552,2021-03-15
B.1.553,2021-03-15
B.1.554,2021-03-15
B.1.555,2021-03-15
B.1.556,2021-03-15
B.1.557,2021-03-15
B.1.558,2021-03-15
B.1.559,2021-03-15
B.1.560,2021-03-15
B.1.561,2021-03-15
B.1.562,2021-03-15
B.1.563,2021-03-15
B.1.564,2021-03-15
B.1.564.1,2021-03-15
B.1.565,2021-03-15
B.1.566,2021-03-15
B.1.567,2021-03-15
B.1.568,2021-03-15
B.1.569,2021-03-15
B.1.570,2021-03-15
B.1.571,2021-03-15
B.1.572,2021-03-15
B.1.573,2021-03-15
B.1.574,2021-03-15
B.1.575,2021-03-15
B.1.575.1,2021-03-15
B.1.576,2021-03-15
B.1.577,2021-03-15
B.1.578,2021-03-15
B.1.579,2021-03-15
B.1.580,2021-03-15
B.1.581,2021-03-15
B.1.582,2021-03-15
B.1.585,2021-03-15
B.1.586,2021-03-15
B.1.587,2021-03-15
B.1.588,2021-03-15
B.1.588.1,2021-03-15
B.1.589,2021-03-15
B.1.590,2021-03-15
B.1.591,2021-03-15
B.1.592,2021-03-15
B.1.593,2021-03-15
B.1.594,2021-03-15
B.1.595,2021-03-15
B.1.595.1,2021-03-15
B.1.595.2,2021-03-15
B.1.595.3,2021-03-15
B.1.595.4,2021-03-15
B.1.596,2021-03-15
B.1.596.1,2021-03-15
B.1.597,2021-03-15
B.1.598,2021-03-15
B.1.599,2021-03-15
B.1.600,2021-03-15
B.1.601,2021-03-15
B.1.602,2021-03-15
B.1.603,2021-03-15
B.1.604,2021-03-15
B.1.605,2021-03-15
B.1.606,2021-03-15
B.1.607,2021-03-15
B.1.608,2021-03-15
B.1.609,2021-03-15
B.1.610,2021-03-15
B.1.611,2021-03-15
B.1.612,2021-03-15
B.1.613,2021-03-15
B.1.614,2021-03-15
B.1.615,2021-03-15
B.4.6,2021-03-15
B.4.7,2021-03-15
B.4.8,2021-03-15
B.55,2021-03-15
B.56,2021-03-15
B.57,2021-03-15
B.58,2021-03-15
B.59,2021-03-15
B.6.7,2021-03-15
B.6.8,2021-03-15
B.60,2021-03-15
B.61,2021-03-15
C.17,2021-03-15
C.18,2021-03-15
C.19,2021-03-15
C.2.1,2021-03-15
C.20,2021-03-15
C.21,2021-03-15
C.22,2021-03-15
C.23,2021-03-15
C.25,2021-03-15
C.26,2021-03-15
C.27,2021-03-15
C.28,2021-03-15
C.29,2021-03-15
C.30,2021-03-15
C.30.1,2021-03-15
C.31,2021-03-15
C.32,2021-03-15
C.33,2021-03-15
C.34,2021-03-15
C.35,2021-03-15
C.36,2021-03-15
C.36.1,2021-03-15
C.36.2,2021-03-15
D.4,2021-03-15
D.5,2021-03-15
K.2,2021-03-15
K.3,2021-03-15
L.3,2021-03-15
L.4,2021-03-15
M.2,2021-03-15
M.3,2021-03-15
S.1,2021-03-15
U.1,2021-03-15
U.2,2021-03-15
U.3,2021-03-15
V.1,2021-03-15
V.2,2021-03-15
W.1,2021-03-15
W.2,2021-03-15
W.3,2021-03-15
W.4,2021-03-15
Y.1,2021-03-15
Z.1,2021-03-15
N.9,2021-03-15
B.1.616,2021-03-25
B.1.243.1,2021-03-29
B.1.617,2021-04-01
B.1.214.3,2021-04-01
B.1.214.4,2021-04-01
B.1.429.1,2021-04-07
A.2.5.1,2021-04-07
A.2.5.2,2021-04-07
N.10,2021-04-08
P.1.1,2021-04-08
B.1.177.88,2021-04-08
B.1.177.89,2021-04-08
B.1.618,2021-04-13
B.1.562.3,2021-04-13
AT.1,2021-04-19
B.1.619,2021-04-20
,2021-04-20
B.1.438.4,2021-04-21
B.1.438.2,2021-04-21
B.1.438.1,2021-04-21
B.1.438.3,2021-04-21
B.1.620,2021-04-21
B.1.617.1,2021-04-21
B.1.617.2,2021-04-21
B.1.617.3,2021-04-21
C.37,2021-04-23
B.1.621,2021-04-23
P.1.2,2021-04-26
B.1.622,2021-04-27
B.1.526.3,2021-04-27
AU.1,2021-04-29
AU.2,2021-04-30
AU.3,2021-04-30
B.1.1.522,2021-04-30
B.1.351.3,2021-05-05
XA,2021-05-05
AV.1,2021-05-10
B.1.623,2021-05-13
B.1.1.523,2021-05-16
A.29,2021-05-21
P.4,2021-05-25
C.36.3,2021-05-26
C.36.3.1,2021-05-26
AW.1,2021-06-04
AY.1,2021-06-04
AY.2,2021-06-14
B.1.1.524,2021-06-18
B.1.1.525,2021-06-18
P.5,2021-06-19
B.1.624,2021-06-19
B.1.625,2021-06-19
B.1.400.1,2021-06-23
B.1.575.2,2021-06-23
B.1.626,2021-06-25
B.1.1.526,2021-06-25
AY.3,2021-06-30
B.1.621.1,2021-06-30
B.1.627,2021-07-01
B.1.628,2021-07-01
B.1.629,2021-07-01
A.30,2021-07-09
B.1.351.4,2021-07-09
B.1.630,2021-07-13
C.1.2,2021-07-22
P.1.3,2021-07-22
P.1.4,2021-07-22
P.1.5,2021-07-22
P.1.6,2021-07-22
P.1.7,2021-07-22
AY.3.1,2021-07-23
B.1.631,2021-07-26
P.6,2021-07-27
B.1.619.1,2021-07-27
B.1.1.527,2021-07-28
C.38,2021-07-28
B.1.632,2021-07-28
B.1.633,2021-07-30
B.1.415.1,2021-07-30
C.37.1,2021-07-30
B.1.634,2021-07-30
B.1.635,2021-07-30
AY.4,2021-07-30
AY.5,2021-07-30
AY.6,2021-07-30
AY.7,2021-07-30
AY.8,2021-07-30
AY.9,2021-07-30
AY.10,2021-07-30
P.7,2021-07-30
Q.1,2021-08-02
Q.2,2021-08-02
Q.3,2021-08-03
P.1.8,2021-08-03
A.2.5.3,2021-08-04
AZ.1,2021-08-07
AZ.2,2021-08-07
AZ.2.1,2021-08-07
AZ.3,2021-08-07
AZ.4,2021-08-07
AZ.5,2021-08-07
AZ.6,2021-08-07
AY.11,2021-08-09
AY.12,2021-08-09
Q.4,2021-08-10
B.1.636,2021-08-10
P.1.9,2021-08-10
P.1.10,2021-08-12
P.1.10.1,2021-08-12
P.1.10.2,2021-08-12
AY.7.1,2021-08-13
AY.7.2,2021-08-13
AY.15,2021-08-16
AY.14,2021-08-16
AY.13,2021-08-16
AY.16,2021-08-16
AY.17,2021-08-16
AY.18,2021-08-16
AY.19,2021-08-16
AY.5.1,2021-08-16
AY.5.2,2021-08-16
AY.20,2021-08-16
AY.21,2021-08-16
AY.22,2021-08-16
AY.23,2021-08-17
AY.24,2021-08-17
P.1.11,2021-08-18
C.39,2021-08-18
AY.25,2021-08-18
B.1.637,2021-08-18
Q.5,2021-08-19
B.1.1.528,2021-08-19
Q.6,2021-08-22
Q.7,2021-08-22
Q.8,2021-08-22
B.1.243.2,2021-08-24
AY.26,2021-08-25
AY.27,2021-08-25
AY.28,2021-08-25
C.40,2021-08-27
B.1.638,2021-08-31
AY.29,2021-09-02
AY.30,2021-09-02
AY.31,2021-09-02
AY.32,2021-09-03
AY.33,2021-09-13
B.1.351.5,2021-09-20
P.1.12,2021-09-23
AY.4.1,2021-09-24
AY.34,2021-09-24
AY.35,2021-09-24
AY.36,2021-09-27
AY.37,2021-09-27
AY.38,2021-09-27
P.1.13,2021-09-29
P.1.15,2021-09-29
P.1.16,2021-09-29
P.1.17,2021-09-30
P.1.17.1,2021-09-30
P.1.14,2021-09-30
AY.4.2,2021-10-04
AY.4.3,2021-10-08
AY.29.1,2021-10-11
AY.39,2021-10-11
AY.39.1,2021-10-11
AY.39.1.1,2021-10-11
AY.4.4,2021-10-12
AY.40,2021-10-12
AY.23.1,2021-10-12
AY.41,2021-10-12
AY.4.5,2021-10-12
AY.42,2021-10-18
AY.45,2021-10-18
AY.43,2021-10-18
AY.44,2021-10-18
AY.46,2021-10-18
AY.46.1,2021-10-18
AY.46.2,2021-10-18
AY.46.3,2021-10-18
AY.46.4,2021-10-18
AY.46.5,2021-10-18
AY.46.6,2021-10-18
AY.47,2021-10-18
AY.48,2021-10-22
AY.49,2021-10-22
AY.50,2021-10-22
AY.51,2021-10-22
AY.52,2021-10-22
AY.53,2021-10-22
AY.16.1,2021-10-22
AY.54,2021-10-22
AY.55,2021-10-22
AY.56,2021-10-22
AY.57,2021-10-22
AY.58,2021-10-22
AY.59,2021-10-22
AY.60,2021-10-22
AY.61,2021-10-22
AY.62,2021-10-22
AY.63,2021-10-22
AY.64,2021-10-22
AY.66,2021-10-22
AY.65,2021-10-22
AY.67,2021-10-22
AY.68,2021-10-22
AY.69,2021-10-22
AY.70,2021-10-22
AY.71,2021-10-22
AY.72,2021-10-22
AY.73,2021-10-22
AY.74,2021-10-22
AY.75,2021-10-22
AY.75.1,2021-10-22
AY.9.1,2021-10-25
AY.9.2,2021-10-25
AY.9.2.1,2021-10-25
AY.76,2021-10-25
AY.77,2021-10-25
AY.78,2021-10-25
AY.79,2021-10-25
AY.80,2021-10-25
AY.81,2021-10-25
AY.82,2021-10-25
AY.83,2021-10-25
AY.84,2021-10-25
AY.85,2021-10-25
AY.86,2021-10-25
AY.88,2021-10-25
AY.91,2021-10-25
AY.91.1,2021-10-25
AY.92,2021-10-25
AY.93,2021-10-25
AY.94,2021-10-25
AY.95,2021-10-25
AY.96,2021-10-27
AY.97,2021-10-27
AY.98,2021-10-27
AY.98.1,2021-10-27
AY.99,2021-10-27
AY.99.1,2021-10-27
AY.99.2,2021-10-27
AY.100,2021-10-27
AY.101,2021-10-27
AY.102,2021-10-27
AY.87,2021-10-28
AY.89,2021-10-28
AY.90,2021-10-28
AY.5.3,2021-10-28
AY.5.4,2021-10-28
AY.103,2021-10-28
AY.39.2,2021-10-28
AY.104,2021-10-28
AY.105,2021-10-28
AY.106,2021-10-28
AY.107,2021-10-28
AY.108,2021-10-28
AY.109,2021-10-28
AY.110,2021-10-28
AY.111,2021-10-28
AY.112,2021-11-02
AY.113,2021-11-02
AY.114,2021-11-02
AY.115,2021-11-02
AY.116,2021-11-02
AY.116.1,2021-11-02
AY.117,2021-11-02
AY.34.1,2021-11-02
AY.118,2021-11-04
AY.119,2021-11-04
AY.120,2021-11-05
AY.120.1,2021-11-05
AY.120.2,2021-11-05
AY.120.2.1,2021-11-05
B.1.639,2021-11-05
AY.4.2.1,2021-11-05
AY.121,2021-11-05
B.1.640,2021-11-10
AY.122,2021-11-17
AY.122.1,2021-11-17
AY.20.1,2021-11-17
AY.43.1,2021-11-17
AY.43.2,2021-11-17
XB,2021-11-18
AY.75.2,2021-11-19
AY.75.3,2021-11-19
AY.123,2021-11-23
AY.124,2021-11-23
B.1.1.529,2021-11-24
AY.43.3,2021-11-24
AY.125,2021-11-24
AY.43.4,2021-11-24
AY.121.1,2021-11-25
AY.4.2.2,2021-11-29
AY.126,2021-11-29
AY.34.1.1,2021-11-29
XC,2021-11-29
AY.4.6,2021-11-29
AY.23.2,2021-11-29
AY.34.2,2021-11-29
AY.4.2.3,2021-12-03
AY.25.1,2021-12-03
AY.127,2021-12-03
AY.119.1,2021-12-03
AY.43.5,2021-12-03
BA.1,2021-12-07
BA.2,2021-12-07
B.1.640.1,2021-12-08
B.1.640.2,2021-12-08
AY.124.1,2021-12-08
B.1.637.1,2021-12-08
AY.5.5,2021-12-08
AY.26.1,2021-12-10
AY.122.2,2021-12-10
AY.112.1,2021-12-10
AY.9.2.2,2021-12-10
AY.119.2,2021-12-10
AY.4.7,2021-12-10
AY.4.8,2021-12-10
AY.39.1.2,2021-12-10
AY.128,2021-12-13
AY.3.2,2021-12-13
AY.25.1.1,2021-12-13
AY.43.6,2021-12-13
AY.102.1,2021-12-13
P.1.7.1,2021-12-13
AY.129,2021-12-13
BA.3,2021-12-14
AY.102.2,2021-12-17
AY.42.1,2021-12-17
BB.1,2021-12-17
BB.2,2021-12-17
AY.39.1.3,2021-12-17
AY.130,2021-12-17
AY.127.1,2021-12-17
AY.123.1,2021-12-17
AY.3.3,2021-12-17
AY.46.6.1,2021-12-17
AY.33.1,2021-12-17
AY.122.3,2021-12-17
P.1.12.1,2021-12-19
AY.131,2021-12-21
AY.4.9,2021-12-22
AY.4.10,2021-12-22
AY.43.7,2021-12-26
AY.132,2021-12-28
AY.133,2022-01-01
B.1.621.2,2022-01-05
BA.1.1,2022-01-07
AY.25.2,2022-02-02
AY.103.1,2022-02-02
AY.125.1,2022-02-02
AY.3.4,2022-02-02
AY.4.11,2022-02-02
AY.4.2.4,2022-02-02
AY.24.1,2022-02-02
AY.103.2,2022-02-02
AY.25.3,2022-02-02
AY.4.12,2022-02-02
AY.122.4,2022-02-02
AY.4.13,2022-02-03
AY.4.14,2022-02-03
AY.4.15,2022-02-03
AY.4.16,2022-02-03
AY.4.17,2022-02-03
AY.124.1.1,2022-02-03
AY.127.2,2022-02-04
AY.5.6,2022-02-04
AY.122.5,2022-02-04
AY.43.8,2022-02-04
AY.25.1.2,2022-02-04
AY.39.3,2022-02-04
AY.43.9,2022-02-11
BA.1.2,2022-02-16
BA.1.3,2022-02-16
BA.1.4,2022-02-16
BA.1.5,2022-02-16
BA.1.6,2022-02-16
BA.1.7,2022-02-16
BA.1.8,2022-02-16
BA.1.9,2022-02-16
BA.1.10,2022-02-16
BA.1.11,2022-02-16
BA.1.12,2022-02-16
BA.1.13,2022-02-16
BA.1.13.1,2022-02-16
BA.1.14,2022-02-16
BA.1.15,2022-02-16
BA.1.15.1,2022-02-16
BA.1.16,2022-02-23
BA.1.16.1,2022-02-23
BA.1.17,2022-02-23
BA.1.17.1,2022-02-23
BA.1.1.1,2022-02-23
BC.1,2022-02-23
BA.1.1.2,2022-02-23
BA.1.1.3,2022-02-23
BA.1.1.4,2022-02-23
BA.1.1.5,2022-02-23
BA.1.1.6,2022-02-23
BA.1.1.7,2022-02-23
BA.1.1.8,2022-02-23
BA.1.1.9,2022-02-23
BA.1.1.10,2022-02-23
BA.1.1.11,2022-02-23
BA.1.1.12,2022-02-23
BA.1.1.13,2022-02-23
BA.1.1.14,2022-02-23
BA.1.1.15,2022-02-23
BA.1.1.16,2022-02-23
BA.2.1,2022-02-25
BA.2.2,2022-02-25
BA.2.3,2022-02-25
AY.36.1,2022-02-25
XD,2022-03-16
XE,2022-03-16
XF,2022-03-16
AY.29.2,2022-03-23
XG,2022-03-25
XH,2022-03-25
XJ,2022-03-25
XK,2022-03-25
XL,2022-03-25
BA.2.4,2022-03-25
BA.2.5,2022-03-25
BA.2.6,2022-03-25
BA.2.7,2022-03-25
BA.2.8,2022-03-28
BA.1.18,2022-03-29
BA.1.19,2022-03-29
AY.112.2,2022-03-30
B.1.641,2022-03-31
XM,2022-03-31
BA.1.17.2,2022-04-01
BA.2.9,2022-04-01
XN,2022-04-01
BA.2.3.1,2022-04-01
BA.2.10,2022-04-01
AY.5.7,2022-04-01
XP,2022-04-01
XQ,2022-04-01
XR,2022-04-01
XS,2022-04-01
BA.2.3.2,2022-04-04
BA.2.10.1,2022-04-04
AY.112.3,2022-04-05
BA.4,2022-04-06
BA.5,2022-04-06
BA.2.11,2022-04-06
BA.2.12,2022-04-06
BA.2.12.1,2022-04-06
AY.122.6,2022-04-06
AY.127.3,2022-04-07
BA.2.9.1,2022-04-08
BA.2.13,2022-04-08
BA.1.20,2022-04-08
BA.1.21,2022-04-08
BA.1.21.1,2022-04-08
BA.1.14.1,2022-04-08
BA.1.14.2,2022-04-08
BA.1.15.2,2022-04-08
AY.33.2,2022-04-12
AY.39.4,2022-04-13
BA.1.1.17,2022-04-14
XT,2022-04-14
AY.4.2.5,2022-04-14
BA.1.16.2,2022-04-14
BA.2.14,2022-04-14
BA.2.15,2022-04-14
BA.2.16,2022-04-14
AY.134,2022-04-14
AY.39.1.4,2022-04-17
BA.2.17,2022-04-19
XU,2022-04-19
BA.2.18,2022-04-19
BA.1.22,2022-04-19
BA.2.19,2022-04-19
BA.2.20,2022-04-19
BA.2.21,2022-04-19
BA.2.22,2022-04-19
BA.2.23,2022-04-19
BA.2.24,2022-04-19
BA.2.25,2022-04-19
BA.2.25.1,2022-04-19
BA.2.26,2022-04-19
BA.2.3.3,2022-04-20
BA.2.27,2022-04-20
BA.2.28,2022-04-20
BA.2.29,2022-04-20
BA.2.30,2022-04-20
BA.2.31,2022-04-20
BA.2.32,2022-04-20
BA.2.33,2022-04-20
BA.2.3.4,2022-04-20
BA.2.34,2022-04-20
BA.2.9.2,2022-04-20
BA.1.1.18,2022-04-20
BA.3.1,2022-04-21
BA.2.35,2022-04-29
BA.2.36,2022-05-01
BA.2.37,2022-05-03
BA.2.38,2022-05-06
BA.2.39,2022-05-08
BA.2.23.1,2022-05-09
BA.2.40,2022-05-10
BA.2.40.1,2022-05-10
BA.2.10.2,2022-05-10
BA.2.41,2022-05-11
XV,2022-05-11
BA.5.1,2022-05-11
XW,2022-05-12
AY.98.1.1,2022-05-14
BA.2.10.3,2022-05-14
XY,2022-05-18
BA.2.42,2022-05-18
BA.2.43,2022-05-19
BA.2.44,2022-05-21
BA.4.1,2022-05-22
BA.2.45,2022-05-23
BA.5.2,2022-05-25
BA.5.3,2022-05-29
BA.2.46,2022-05-30
BA.2.3.5,2022-05-30
BA.5.4,2022-05-30
BA.5.3.1,2022-05-31
BE.1,2022-05-31
BA.2.9.3,2022-05-31
BA.2.47,2022-05-31
BA.2.3.6,2022-05-31
BA.2.48,2022-06-01
BA.5.2.1,2022-06-02
BF.1,2022-06-02
BA.2.9.4,2022-06-02
XZ,2022-06-03
BA.2.49,2022-06-03
BA.2.3.7,2022-06-04
BA.2.50,2022-06-04
BA.2.51,2022-06-04
BA.2.52,2022-06-05
BA.2.53,2022-06-05
BA.5.5,2022-06-06
BA.2.54,2022-06-06
BA.2.55,2022-06-06
BA.1.23,2022-06-07
XAA,2022-06-07
XAB,2022-06-07
BA.1.24,2022-06-08
BA.4.1.1,2022-06-08
BA.2.56,2022-06-08
BA.4.1.2,2022-06-09
BA.2.57,2022-06-09
BA.2.58,2022-06-09
BA.2.59,2022-06-09
BA.2.60,2022-06-10
BA.2.61,2022-06-10
BA.2.62,2022-06-10
BA.2.63,2022-06-10
BA.2.64,2022-06-10
BA.2.65,2022-06-10
BA.2.3.8,2022-06-10
BA.2.3.9,2022-06-10
BA.2.3.10,2022-06-10
BA.2.3.11,2022-06-10
BA.2.3.12,2022-06-10
BA.2.3.13,2022-06-10
BA.2.3.14,2022-06-10
BA.2.3.15,2022-06-10
BA.2.66,2022-06-10
BA.2.67,2022-06-10
BA.2.68,2022-06-10
BA.2.69,2022-06-10
BA.2.70,2022-06-10
BD.1,2022-06-10
XAC,2022-06-10
BA.2.12.2,2022-06-11
BA.2.71,2022-06-12
BA.2.72,2022-06-12
BC.2,2022-06-13
BA.1.15.3,2022-06-13
XAD,2022-06-13
BA.5.3.2,2022-06-13
BA.2.73,2022-06-13
XAE,2022-06-13
BA.2.2.1,2022-06-13
XAF,2022-06-13
BA.2.56.1,2022-06-13
XAG,2022-06-14
BA.2.3.16,2022-06-14
BA.2.3.17,2022-06-14
BG.1,2022-06-14
BA.2.3.18,2022-06-14
XAH,2022-06-14
BG.2,2022-06-18
BA.2.74,2022-06-23
BA.2.75,2022-06-24
BA.5.6,2022-06-24
BE.1.1,2022-06-24
BA.5.3.3,2022-06-24
BA.5.3.4,2022-06-24
BE.2,2022-06-24
BA.5.2.2,2022-06-24
BA.5.2.3,2022-06-24
BF.2,2022-06-24
BF.3,2022-06-24
BF.1.1,2022-06-24
BA.5.1.1,2022-06-24
BG.3,2022-06-24
BF.4,2022-06-25
BA.5.1.2,2022-06-25
BA.5.1.3,2022-06-26
BA.4.2,2022-06-26
BA.4.3,2022-06-26
BA.4.4,2022-06-26
BA.4.1.3,2022-06-26
BA.4.5,2022-06-26
BA.4.1.4,2022-06-26
BG.4,2022-06-26
BE.3,2022-07-01
BF.5,2022-07-01
BA.5.2.4,2022-07-01
BA.2.76,2022-07-02
BA.2.77,2022-07-03
BA.4.6,2022-07-03
BA.5.1.4,2022-07-03
BA.2.38.1,2022-07-07
BA.2.78,2022-07-07
BA.2.79,2022-07-07
BA.2.79.1,2022-07-07
BA.2.80,2022-07-08
BA.4.7,2022-07-09
BA.2.9.5,2022-07-09
BA.2.81,2022-07-09
BA.2.13.1,2022-07-12
BF.6,2022-07-14
BA.2.3.19,2022-07-15
BF.7,2022-07-16
BA.5.1.5,2022-07-20
XAJ,2022-07-21
BA.5.6.1,2022-07-22
BA.5.7,2022-07-22
XAK,2022-07-22
BA.5.2.5,2022-07-22
BF.8,2022-07-22
BF.9,2022-07-22
BF.10,2022-07-22
BA.5.1.6,2022-07-22
BA.5.1.7,2022-07-22
BA.5.1.8,2022-07-22
BA.4.1.5,2022-07-22
BA.4.1.6,2022-07-22
BA.4.1.7,2022-07-22
BA.2.38.2,2022-07-24
BA.5.8,2022-07-24
BA.5.9,2022-07-24
BF.11,2022-07-25
BA.2.36.1,2022-07-27
BF.3.1,2022-07-27
BF.12,2022-07-27
BG.5,2022-07-28
BA.4.1.8,2022-07-29
XAL,2022-07-29
XAM,2022-07-29
XAN,2022-07-29
XAP,2022-07-30
BG.6,2022-08-01
XAQ,2022-08-03
BA.5.1.9,2022-08-03
BA.2.75.1,2022-08-03
BA.2.38.3,2022-08-06
BH.1,2022-08-08
BA.2.9.6,2022-08-08
BA.2.10.4,2022-08-09
BJ.1,2022-08-10
BE.1.2,2022-08-10
BA.2.76.1,2022-08-10
BA.2.82,2022-08-12
BF.13,2022-08-15
BA.5.6.2,2022-08-15
BA.5.5.1,2022-08-16
BA.5.1.10,2022-08-16
BF.14,2022-08-16
BK.1,2022-08-16
BA.5.10,2022-08-18
BA.5.1.11,2022-08-18
XAR,2022-08-18
BA.2.75.2,2022-08-19
BA.2.76.2,2022-08-19
BA.5.2.6,2022-08-21
BA.2.75.3,2022-08-21
BA.5.2.7,2022-08-21
BF.15,2022-08-21
BA.4.8,2022-08-21
BA.2.75.4,2022-08-21
BL.1,2022-08-21
BA.5.1.12,2022-08-22
XAS,2022-08-22
BA.5.1.13,2022-08-22
BA.2.75.5,2022-08-22
XAT,2022-08-22
BA.5.1.14,2022-08-22
XAU,2022-08-23
XAV,2022-08-23
BF.16,2022-08-23
BE.1.1.1,2022-08-24
XAW,2022-08-25
XAY,2022-08-25
BE.1.3,2022-08-26
BA.5.2.8,2022-08-26
BA.5.1.15,2022-08-26
BA.5.1.16,2022-08-26
BA.5.1.17,2022-08-26
BA.5.2.9,2022-08-26
BA.5.2.10,2022-08-26
BA.5.2.11,2022-08-26
BA.5.2.12,2022-08-26
BF.17,2022-08-26
BF.18,2022-08-26
BF.19,2022-08-26
BF.20,2022-08-26
BF.21,2022-08-26
XAZ,2022-08-27
BA.4.1.9,2022-08-27
BA.5.1.18,2022-08-28
BA.5.5.2,2022-08-29
BM.1,2022-08-30
BF.22,2022-08-31
BA.2.3.20,2022-09-02
BN.1,2022-09-02
BP.1,2022-09-02
BA.5.5.3,2022-09-02
BQ.1,2022-09-02
BN.2,2022-09-03
BN.2.1,2022-09-03
BR.1,2022-09-03
BM.2,2022-09-03
BM.3,2022-09-03
BM.1.1,2022-09-03
BL.2,2022-09-03
BL.3,2022-09-03
BA.2.75.6,2022-09-03
BA.2.75.7,2022-09-03
BL.4,2022-09-03
BA.5.1.19,2022-09-04
BA.4.6.1,2022-09-05
BA.5.2.14,2022-09-06
BA.5.2.13,2022-09-06
BM.4,2022-09-07
BM.4.1,2022-09-07
BA.5.1.20,2022-09-07
BQ.1.1,2022-09-09
BS.1,2022-09-12
BA.5.2.15,2022-09-12
BA.5.1.21,2022-09-14
BA.5.2.16,2022-09-14
BT.1,2022-09-14
XBA,2022-09-14
BA.5.2.17,2022-09-15
BF.23,2022-09-15
BU.1,2022-09-16
BA.5.2.18,2022-09-17
BL.1.1,2022-09-17
BL.1.2,2022-09-17
XBB,2022-09-17
BR.2,2022-09-17
BM.1.1.1,2022-09-18
BA.4.1.10,2022-09-18
BA.5.10.1,2022-09-18
BA.2.83,2022-09-18
BA.5.2.19,2022-09-18
BA.5.2.20,2022-09-18
BA.5.2.21,2022-09-18
BV.1,2022-09-18
BW.1,2022-09-18
BM.5,2022-09-18
BY.1,2022-09-19
BM.4.1.1,2022-09-19
BF.24,2022-09-19
BA.2.84,2022-09-19
BA.2.31.1,2022-09-19
BA.5.2.22,2022-09-20
BA.2.75.8,2022-09-20
BA.5.2.23,2022-09-20
BE.1.2.1,2022-09-21
BZ.1,2022-09-21
BR.3,2022-09-21
CA.1,2022-09-21
BA.5.2.24,2022-09-22
BF.25,2022-09-22
BV.2,2022-09-23
BQ.1.2,2022-09-23
BQ.1.3,2022-09-23
XBC,2022-09-24
BA.5.2.25,2022-09-25
BA.5.2.26,2022-09-29
BA.5.2.27,2022-09-29
BA.5.2.28,2022-09-29
BA.5.1.22,2022-09-29
BA.5.1.23,2022-09-29
BA.5.1.24,2022-09-29
BA.5.1.25,2022-09-29
BF.26,2022-09-29
BF.27,2022-09-29
BF.28,2022-09-29
CA.2,2022-09-30
BA.2.75.9,2022-09-30
CB.1,2022-09-30
BL.1.3,2022-09-30
BS.1.1,2022-09-30
BA.2.85,2022-09-30
BA.5.2.29,2022-09-30
BE.4,2022-09-30
BE.4.1,2022-09-30
BE.4.1.1,2022-09-30
BE.1.1.2,2022-09-30
CC.1,2022-09-30
BA.5.2.30,2022-09-30
BA.5.2.31,2022-09-30
CD.1,2022-09-30
CD.2,2022-09-30
BA.5.2.32,2022-09-30
BA.5.2.33,2022-09-30
CE.1,2022-09-30
BA.5.1.26,2022-09-30
BA.5.1.27,2022-09-30
BA.5.1.28,2022-09-30
CF.1,2022-09-30
CG.1,2022-10-03
XBB.1,2022-10-03
BQ.1.4,2022-10-03
XBC.1,2022-10-03
BF.7.1,2022-10-05
BA.5.3.5,2022-10-07
BA.5.1.29,2022-10-07
BQ.1.5,2022-10-11
BQ.1.6,2022-10-11
BQ.1.7,2022-10-11
BQ.1.8,2022-10-11
BQ.1.9,2022-10-11
BA.5.6.3,2022-10-11
BG.7,2022-10-11
BA.4.6.2,2022-10-11
BE.4.2,2022-10-11
BA.4.6.3,2022-10-11
CH.1,2022-10-11
CH.2,2022-10-11
CJ.1,2022-10-11
CK.1,2022-10-11
CL.1,2022-10-11
CM.1,2022-10-11
BR.4,2022-10-12
CN.1,2022-10-12
BA.5.2.34,2022-10-12
XBD,2022-10-12
BA.2.38.4,2022-10-12
BF.29,2022-10-12
CH.1.1,2022-10-13
BQ.1.10,2022-10-13
BQ.1.11,2022-10-13
BQ.1.12,2022-10-13
BQ.1.13,2022-10-13
BQ.1.14,2022-10-13
BQ.1.15,2022-10-13
BQ.1.16,2022-10-13
XAY.1,2022-10-13
XAY.2,2022-10-13
BA.2.3.21,2022-10-13
CM.2,2022-10-13
BQ.2,2022-10-13
BQ.1.17,2022-10-13
CP.1,2022-10-13
CP.1.1,2022-10-13
BA.5.2.35,2022-10-13
BE.5,2022-10-13
CQ.1,2022-10-13
BF.7.2,2022-10-13
BN.1.1,2022-10-13
CR.1,2022-10-13
CR.2,2022-10-13
CS.1,2022-10-14
BL.2.1,2022-10-14
BF.7.3,2022-10-14
BF.30,2022-10-14
BM.2.1,2022-10-14
BM.2.2,2022-10-14
BM.2.3,2022-10-14
BM.6,2022-10-14
BA.4.6.4,2022-10-14
XBC.2,2022-10-14
BN.1.2,2022-10-15
BN.1.1.1,2022-10-15
BN.1.3,2022-10-15
BN.3,2022-10-15
BR.1.1,2022-10-15
BR.1.2,2022-10-15
BA.2.75.10,2022-10-15
BM.1.1.2,2022-10-15
BQ.1.1.1,2022-10-15
BQ.1.18,2022-10-15
BQ.1.8.1,2022-10-15
BQ.1.8.2,2022-10-15
BQ.1.10.1,2022-10-15
XBB.2,2022-10-15
XBB.3,2022-10-15
XBB.1.1,2022-10-15
BA.5.2.36,2022-10-15
CT.1,2022-10-15
BN.3.1,2022-10-15
BN.4,2022-10-15
BN.5,2022-10-15
BN.6,2022-10-15
CA.3,2022-10-15
CA.4,2022-10-15
CA.5,2022-10-15
BM.1.1.3,2022-10-15
CM.3,2022-10-15
BQ.1.19,2022-10-15
BU.2,2022-10-15
BL.1.4,2022-10-16
BQ.1.20,2022-10-16
CA.6,2022-10-16
BF.11.1,2022-10-16
BF.11.3,2022-10-16
BF.11.2,2022-10-16
BF.11.4,2022-10-16
BF.11.5,2022-10-16
BF.7.4,2022-10-16
BF.7.5,2022-10-16
BF.7.6,2022-10-16
BF.7.8,2022-10-16
BF.7.7,2022-10-16
BF.7.9,2022-10-16
BF.7.10,2022-10-16
BF.7.11,2022-10-16
BF.7.12,2022-10-16
BE.1.4,2022-10-16
BE.1.4.2,2022-10-16
BE.1.4.1,2022-10-16
BE.1.4.3,2022-10-16
BE.1.4.4,2022-10-16
CU.1,2022-10-16
XBB.1.2,2022-10-17
BT.2,2022-10-17
BA.5.6.4,2022-10-17
BA.5.2.37,2022-10-17
BQ.1.1.2,2022-10-19
XBB.4,2022-10-20
XBB.3.1,2022-10-20
XBB.5,2022-10-20
BQ.1.1.3,2022-10-20
BQ.1.1.4,2022-10-20
BQ.1.1.5,2022-10-20
BQ.1.1.6,2022-10-20
BQ.1.1.7,2022-10-20
BQ.1.1.8,2022-10-20
BQ.1.1.9,2022-10-20
BQ.1.1.10,2022-10-20
BN.1.2.1,2022-10-20
BN.1.4,2022-10-20
BN.1.5,2022-10-20
BN.1.6,2022-10-20
CK.2,2022-10-20
CK.2.1,2022-10-20
CK.2.1.1,2022-10-20
CQ.2,2022-10-20
BQ.1.1.11,2022-10-21
BQ.1.1.12,2022-10-21
BY.1.1,2022-10-21
BY.1.1.1,2022-10-21
BY.1.2,2022-10-21
BY.1.2.1,2022-10-21
CM.4,2022-10-21
CM.5,2022-10-21
CM.6,2022-10-21
XBE,2022-10-22
BU.3,2022-10-23
BA.5.1.30,2022-10-23
CV.1,2022-10-23
XBB.1.3,2022-10-23
BQ.1.1.13,2022-10-23
CA.7,2022-10-24
BQ.1.1.14,2022-10-31
CW.1,2022-10-31
BQ.1.1.15,2022-10-31
BQ.1.1.16,2022-10-31
BQ.1.1.17,2022-10-31
BQ.1.1.18,2022-10-31
BQ.1.1.19,2022-10-31
BN.1.3.1,2022-10-31
BF.7.4.1,2022-10-31
BF.31,2022-11-01
BF.31.1,2022-11-01
BF.32,2022-11-01
BQ.1.21,2022-11-01
CY.1,2022-11-01
BA.2.9.7,2022-11-01
BQ.1.22,2022-11-02
BF.7.4.2,2022-11-02
CP.1.2,2022-11-02
CP.1.3,2022-11-02
CP.2,2022-11-02
CP.3,2022-11-02
CP.4,2022-11-02
CP.5,2022-11-02
CP.6,2022-11-02
CR.1.1,2022-11-02
BS.1.2,2022-11-02
CM.5.1,2022-11-02
BL.5,2022-11-02
XAY.1.1,2022-11-03
BQ.1.1.20,2022-11-03
BQ.1.1.21,2022-11-03
BQ.1.1.22,2022-11-03
CZ.1,2022-11-03
XBB.4.1,2022-11-03
BQ.1.23,2022-11-03
BA.5.2.38,2022-11-03
DA.1,2022-11-03
BF.7.13,2022-11-03
BF.7.13.1,2022-11-03
BF.7.13.2,2022-11-03
XBF,2022-11-03
CA.3.1,2022-11-03
CM.7,2022-11-04
BA.5.2.39,2022-11-04
DB.1,2022-11-04
BF.33,2022-11-04
BA.4.6.5,2022-11-04
DC.1,2022-11-04
BQ.1.1.23,2022-11-04
BQ.1.1.24,2022-11-04
DD.1,2022-11-04
BE.6,2022-11-04
BE.7,2022-11-04
BE.8,2022-11-04
BA.5.11,2022-11-04
DB.2,2022-11-04
BQ.1.24,2022-11-04
BA.5.2.40,2022-11-04
BQ.1.25,2022-11-05
CQ.1.1,2022-11-05
CR.1.2,2022-11-05
DE.1,2022-11-05
DE.2,2022-11-05
CM.8,2022-11-05
DF.1,2022-11-06
XBB.1.4,2022-11-06
BF.34,2022-11-08
XBB.1.5,2022-11-08
DG.1,2022-11-09
DH.1,2022-11-09
BR.2.1,2022-11-09
BN.1.7,2022-11-10
CM.8.1,2022-11-10
CM.9,2022-11-10
CM.6.1,2022-11-10
BE.9,2022-11-12
BQ.1.26,2022-11-12
BF.7.5.1,2022-11-13
BA.5.2.41,2022-11-13
CK.3,2022-11-14
XBG,2022-11-14
BA.5.1.31,2022-11-15
XBH,2022-11-16
BW.1.1,2022-11-20
BN.1.8,2022-11-22
BQ.1.1.25,2022-11-22
CM.2.1,2022-11-22
DJ.1,2022-11-23
DJ.1.1,2022-11-23
BA.5.2.42,2022-11-23
XBB.1.4.1,2022-11-25
BA.5.2.43,2022-11-26
BN.1.9,2022-11-28
CH.1.1.1,2022-11-29
CH.1.1.2,2022-11-29
BA.5.2.44,2022-11-29
DK.1,2022-11-30
BQ.1.1.26,2022-12-01
XBJ,2022-12-01
CH.3,2022-12-01
BQ.1.1.27,2022-12-02
DL.1,2022-12-03
BA.5.2.45,2022-12-03
BQ.1.1.28,2022-12-04
BQ.1.26.1,2022-12-04
CV.2,2022-12-06
DM.1,2022-12-07
DJ.1.2,2022-12-10
CJ.1.1,2022-12-14
CM.5.2,2022-12-15
CM.4.1,2022-12-15
CN.2,2022-12-15
BE.10,2022-12-15
XBK,2022-12-15
CH.3.1,2022-12-15
CH.1.1.3,2022-12-15
XBB.1.6,2022-12-16
CR.1.3,2022-12-16
BF.10.1,2022-12-18
BQ.1.25.1,2022-12-21
BN.1.3.2,2022-12-21
BN.1.3.3,2022-12-22
XBB.3.2,2022-12-22
XBB.2.1,2022-12-22
XBB.2.2,2022-12-22
XBB.1.7,2022-12-22
DN.1,2022-12-22
BQ.1.1.29,2022-12-22
BQ.1.27,2022-12-22
BQ.1.1.30,2022-12-22
DJ.1.3,2022-12-23
BQ.1.1.31,2022-12-24
DP.1,2022-12-24
BN.1.3.4,2022-12-24
XBB.3.3,2022-12-24
DN.1.1,2022-12-25
BQ.1.13.1,2022-12-25
